Abbreviated as,AWS S3 folder name,Shorter Name (for faceting list and used in csv helper file for harvesting),Formal Name (for record level view),Address,Email / Contact,URL
Temple | TEU,Temple,Temple University,"Special Collections Research Center, Temple University Libraries","1900 N. 13th St., Philadelphia, PA 19122",diglib@temple.edu; scrc@temple.edu,http://digital.library.temple.edu/
Bates | PAU,Bates,Barbara Bates Center,Barbara Bates Center for the Study of the History of Nursing | University of Pennsylvania School of Nursing,"Suite 2U, Claire M. Fagin Hall, 418 Curie Boulevard, Philadelphia, PA  19104-4217",nhistory@nursing.upenn.edu,https://www.nursing.upenn.edu/history/archives-collections/
Swarthmore Friends | PSH,Swarthmore (both collections harvested from same folder),Swarthmore - Friends,Friends Historical Library of Swarthmore College,"McCabe Library, 500 College Avenue, Swarthmore, PA 19081",friends@swarthmore.edu,http://www.swarthmore.edu/friends-historical-library
Swarthmore Peace | QQR,Swarthmore (both collections harvested from same folder),Swarthmore - Peace,Swarthmore College Peace Collections,"McCabe Library, 500 College Avenue, Swarthmore, PA 19081",peacecollection@swarthmore.edu,https://www.swarthmore.edu/library/peace/
Haverford | HVC,Haverford,Haverford College,"Haverford College Libraries, Quaker & Special Collections","Haverford College, 370 Lancaster Ave., Haverford, PA 19041",hc-special@haverford.edu,http://library.haverford.edu/places/special-collections/
TLC | AOX,LibraryCompany,Library Company,The Library Company of Philadelphia,"1314 Locust Street, Philadelphia, PA 19107",cking@librarycompany.org; epiola@librarycompany.org,http://www.librarycompany.org/
HSP | QQR,HSP,Historical Society of PA,Historical Society of Pennsylvania,"1300 Locust Street, Philadelphia, PA 19107",ReadyReference@hsp.org,http://hsp.org/
DrexelMed | DXU,Drexel,Drexel University,Drexel University College of Medicine Legacy Center,"2900 West Queen Lane, Philadelphia, PA 19129",archives@drexelmed.edu,http://archives.drexelmed.edu/digital.php
Bryn Mawr,BrynMawr,Bryn Mawr College,Bryn Mawr College,"Canaday Library, 101 North Merion Avenue, Bryn Mawr, PA 19010",SpecColl@brynmawr.edu,http://www.brynmawr.edu/library/speccoll/index.html
NARA,NARA,National Archives,The National Archives at Philadelphia,"14700 Townsend Road, Philadelphia, PA 19154",philadelphia.archives@nara.govâ€‹,https://www.archives.gov/philadelphia
German Society,GermanSociety,The German Society,The German Society of Pennsylvania,"611 Spring Garden St, Philadelphia, PA 19123",librarian@germansociety.org,http://www.germansociety.org/horner-library/
UDel,UDel,University of Delaware,University of Delaware,"181 South College Avenue, Newark, DE 19717",jmargalo@udel.edu,https://library.udel.edu/special/
Alice Paul | API,AlicePaul,Alice Paul Institute,Alice Paul Institute,"128 Hooten Road, Mount Laurel, NJ 08054",archives@alicepaul.org,https://www.alicepaul.org/visit/library-and-archive/
Athenaeum,Athenaeum,Athenaeum of Philadelphia,Athenaeum of Philadelphia,"219 S 6th St, Philadelphia, PA 19106",mseneca@athenaonline.org,http://www.philaathenaeum.org/index.html
Catholics | CHRC,CHRC,Catholic Historical Research Center,Catholic Historical Research Center of the Archdiocese of Philadelphia,"6740 Roosevelt Blvd, Philadelphia, PA 19149",archives@chrc-phila.org,https://chrc-phila.org/
CCHC,CCHS,Chester County History Center,Chester County History Center,"225 N High St, West Chester, PA 19380",kmartin@chestercohistorical.org; Library@chestercohistorical.org,http://www.chestercohistorical.org/collections
College of Physicians | COP,CollegeOfPhysicians,College of Physicians,The College of Physicians of Philadelphia Historical Medical Library,"19 S 22nd St, Philadelphia, PA 19103",cperella@collegeofphysicians.org; library@collegeofphysicians.org,https://collegeofphysicians.org/library
PHS,PHS,Presbyterian Historical Society,Presbyterian Historical Society,"425 Lombard St, Philadelphia, PA 19147",ntaylor@history.pcusa.org; refdesk@history.pcusa.org,https://www.history.pcusa.org/
United Lutheran | ULS,ULS,United Lutheran Seminary,United Lutheran Seminary Library,"7301 Germantown Ave, Philadelphia, PA 19119",eboyd@uls.edu; library@uls.edu,https://library.uls.edu/subjects/guide.php?subject=home
Union League,UnionLeague,Legacy Foundation,The Union League Legacy Foundation,"140 South Broad Street, Philadelphia, PA 19102",TulioK@unionleague.org; archives@unionleague.org,https://www.ulheritagecenter.org/
CCA,CCA,Chester County Archives and Record Services,Chester County Archives and Record Services,"601 Westtown Road, Suite 080, West Chester, PA 19380",ccarchives@chesco.org,https://www.chesco.org/192/Archives-Records
Princeton,Princeton,Princeton University,Princeton University Library Special Collections,"65 Olden Street, Princeton, NY 08540",https://library.princeton.edu/special-collections/ask-us,https://library.princeton.edu/special-collections/
PA State,StateLibraryPA,State Library of PA,State Library of Pennsylvania,"400 North Street, Harrisburg, PA 17120",ra-reflib@pa.gov,https://www.statelibrary.pa.gov/GeneralPublic/Collections/Pages/default.aspx
Port Washington,PWPL,Port Washington Public Library,Port Washington Public Library Local History Center,"1 Library Dr, Port Washington, NY 11050",localhistory@pwpl.org,https://localhistory.pwpl.org
Howard,Howard,Howard University,"Moorland-Spingarn Research Center, Howard University","500 Howard Pl NW, Washington, DC 20001",lsewell-williams@howard.edu,https://library.howard.edu/MSRC
GHS,GHS,Germantown Historical Society,Germantown Historical Society,"5501 Germantown Avenue, Philadelphia, PA 19144",library@germantownhistory.org,https://www.germantownhistory.org
AAMP,AAMP,African American Museum in Philadelphia,African American Museum in Philadelphia,"701 Arch St, Philadelphia, PA 19106",dduckett@aampmuseum.org,https://www.aampmuseum.org
LaSalle,LaSalle,LaSalle University,LaSalle University Special Collections,"1900 West Olney Avenue, Philadelphia, PA 19141",willeverfarr@lasalle.edu,https://library.lasalle.edu/special-collections/
,InHOR,In Her Own Right,In Her Own Right,,,